{
    "root_group": {
        "name": "",
        "path": "",
        "id": "d41d8cd98f00b204e9800998ecf8427e",
        "groups": {},
        "checks": {
                "status is 201": {
                    "name": "status is 201",
                    "path": "::status is 201",
                    "id": "ec8c9afd59577ad0eb26fbf150ecf791",
                    "passes": 74214,
                    "fails": 0
                }
            }
    },
    "metrics": {
        "http_req_tls_handshaking": {
            "avg": 0,
            "min": 0,
            "med": 0,
            "max": 0,
            "p(90)": 0,
            "p(95)": 0
        },
        "vus": {
            "max": 999,
            "value": 2,
            "min": 2
        },
        "vus_max": {
            "min": 1000,
            "max": 1000,
            "value": 1000
        },
        "http_req_blocked": {
            "avg": 0.007881390303716273,
            "min": 0,
            "med": 0,
            "max": 2.1866,
            "p(90)": 0,
            "p(95)": 0
        },
        "iteration_duration": {
            "avg": 1306.1054545772993,
            "min": 55.9704,
            "med": 981.9194,
            "max": 17262.2853,
            "p(90)": 2785.8798,
            "p(95)": 3791.6474449999137
        },
        "http_req_failed": {
            "passes": 0,
            "fails": 74214,
            "value": 0
        },
        "data_sent": {
            "count": 16288301,
            "rate": 67867.59221279621
        },
        "data_received": {
            "rate": 74058.10390448938,
            "count": 17774031
        },
        "http_req_duration": {
            "min": 5.9012,
            "med": 931.48455,
            "max": 17211.9099,
            "p(90)": 2735.4685,
            "p(95)": 3741.2736099999206,
            "avg": 1255.6409770541986
        },
        "http_reqs": {
            "count": 74214,
            "rate": 309.22350271403127
        },
        "http_req_receiving": {
            "min": 0,
            "med": 10.8841,
            "max": 419.6357,
            "p(90)": 19.54470999999999,
            "p(95)": 23.08773999999998,
            "avg": 12.521974260921036
        },
        "checks": {
            "passes": 74214,
            "fails": 0,
            "value": 1
        },
        "http_req_duration{expected_response:true}": {
            "med": 931.48455,
            "max": 17211.9099,
            "p(90)": 2735.4685,
            "p(95)": 3741.2736099999206,
            "avg": 1255.6409770541986,
            "min": 5.9012
        },
        "http_req_sending": {
            "med": 0,
            "max": 2.0143,
            "p(90)": 0,
            "p(95)": 0,
            "avg": 0.005595496806532466,
            "min": 0
        },
        "iterations": {
            "count": 74214,
            "rate": 309.22350271403127
        },
        "http_req_connecting": {
            "min": 0,
            "med": 0,
            "max": 1.6565,
            "p(90)": 0,
            "p(95)": 0,
            "avg": 0.006041349341094666
        },
        "http_req_waiting": {
            "avg": 1243.1134072964592,
            "min": 5.302,
            "med": 918.6475,
            "max": 17201.5816,
            "p(90)": 2725.2509999999997,
            "p(95)": 3727.7296949999995
        }
    }
}