{
    "root_group": {
        "name": "",
        "path": "",
        "id": "d41d8cd98f00b204e9800998ecf8427e",
        "groups": {},
        "checks": {
                "status is 201": {
                    "name": "status is 201",
                    "path": "::status is 201",
                    "id": "ec8c9afd59577ad0eb26fbf150ecf791",
                    "passes": 67958,
                    "fails": 0
                }
            }
    },
    "metrics": {
        "http_req_sending": {
            "avg": 0.005761542423261422,
            "min": 0,
            "med": 0,
            "max": 1.5381,
            "p(90)": 0,
            "p(95)": 0
        },
        "data_sent": {
            "count": 14915471,
            "rate": 62138.496677850286
        },
        "http_req_waiting": {
            "avg": 1369.6112993628542,
            "min": 5.3389,
            "med": 924.9374,
            "max": 21436.8148,
            "p(90)": 3000.4279400000005,
            "p(95)": 4361.475399999997
        },
        "checks": {
            "passes": 67958,
            "fails": 0,
            "value": 1
        },
        "iteration_duration": {
            "avg": 1433.8163184393381,
            "min": 56.2557,
            "med": 989.3558,
            "max": 21510.2755,
            "p(90)": 3073.509,
            "p(95)": 4435.846644999988
        },
        "http_req_duration": {
            "p(90)": 3023.256370000001,
            "p(95)": 4385.13609499999,
            "avg": 1383.342465528715,
            "min": 6.0493,
            "med": 938.5074,
            "max": 21459.4758
        },
        "http_req_duration{expected_response:true}": {
            "med": 938.5074,
            "max": 21459.4758,
            "p(90)": 3023.256370000001,
            "p(95)": 4385.13609499999,
            "avg": 1383.342465528715,
            "min": 6.0493
        },
        "http_req_tls_handshaking": {
            "min": 0,
            "med": 0,
            "max": 0,
            "p(90)": 0,
            "p(95)": 0,
            "avg": 0
        },
        "data_received": {
            "count": 16276059,
            "rate": 67806.76507634223
        },
        "http_req_receiving": {
            "p(90)": 20.907490000000003,
            "p(95)": 26.960649999999994,
            "avg": 13.725404623443936,
            "min": 0,
            "med": 11.3376,
            "max": 964.8676
        },
        "iterations": {
            "count": 67958,
            "rate": 283.11596443943006
        },
        "http_req_blocked": {
            "p(95)": 0,
            "avg": 0.009284546337443722,
            "min": 0,
            "med": 0,
            "max": 5.0102,
            "p(90)": 0
        },
        "http_req_failed": {
            "passes": 0,
            "fails": 67958,
            "value": 0
        },
        "vus_max": {
            "max": 1000,
            "value": 1000,
            "min": 1000
        },
        "vus": {
            "value": 2,
            "min": 2,
            "max": 999
        },
        "http_req_connecting": {
            "p(90)": 0,
            "p(95)": 0,
            "avg": 0.007142174578416085,
            "min": 0,
            "med": 0,
            "max": 1.7551
        },
        "http_reqs": {
            "count": 67958,
            "rate": 283.11596443943006
        }
    }
}