{
    "root_group": {
        "name": "",
        "path": "",
        "id": "d41d8cd98f00b204e9800998ecf8427e",
        "groups": {},
        "checks": {
                "status is 200": {
                    "name": "status is 200",
                    "path": "::status is 200",
                    "id": "6210a8cd14cd70477eba5c5e4cb3fb5f",
                    "passes": 14896,
                    "fails": 0
                },
                "has average value": {
                    "name": "has average value",
                    "path": "::has average value",
                    "id": "8ba54a67e0b24adcf0142c2191fca9e4",
                    "passes": 0,
                    "fails": 14896
                }
            }
    },
    "metrics": {
        "http_req_sending": {
            "med": 0,
            "max": 7.9099,
            "p(90)": 0,
            "p(95)": 0,
            "avg": 0.006011291621911923,
            "min": 0
        },
        "http_req_waiting": {
            "avg": 275.19300816997867,
            "min": 15.1831,
            "med": 129.2853,
            "max": 1495.3675,
            "p(90)": 817.37095,
            "p(95)": 1042.043925
        },
        "http_req_receiving": {
            "max": 577.2164,
            "p(90)": 15.680250000000001,
            "p(95)": 33.642300000000006,
            "avg": 9.181119354189018,
            "min": 0,
            "med": 1.4712
        },
        "vus_max": {
            "max": 80,
            "value": 80,
            "min": 80
        },
        "checks": {
            "passes": 14896,
            "fails": 14896,
            "value": 0.5
        },
        "vus": {
            "value": 1,
            "min": 1,
            "max": 80
        },
        "iteration_duration": {
            "avg": 485.31051294978715,
            "min": 215.6819,
            "med": 333.11159999999995,
            "max": 1700.674,
            "p(90)": 1034.6301,
            "p(95)": 1252.1968
        },
        "http_req_failed": {
            "passes": 0,
            "fails": 14896,
            "thresholds": {
                "rate<0.01": false
            },
            "value": 0
        },
        "http_req_tls_handshaking": {
            "avg": 0,
            "min": 0,
            "med": 0,
            "max": 0,
            "p(90)": 0,
            "p(95)": 0
        },
        "http_req_duration": {
            "min": 15.3752,
            "med": 131.69705,
            "max": 1499.4256,
            "p(90)": 833.3288,
            "p(95)": 1051.4748,
            "avg": 284.38013881579053,
            "thresholds": {
                "p(95)<300": true
            }
        },
        "http_reqs": {
            "count": 14896,
            "rate": 123.96806623559185
        },
        "http_req_connecting": {
            "med": 0,
            "max": 1.6697,
            "p(90)": 0,
            "p(95)": 0,
            "avg": 0.0031358351235230937,
            "min": 0
        },
        "data_received": {
            "rate": 17658.026001737646,
            "count": 2121788
        },
        "http_req_blocked": {
            "avg": 0.006360210794844253,
            "min": 0,
            "med": 0,
            "max": 7.7726,
            "p(90)": 0,
            "p(95)": 0
        },
        "http_req_duration{expected_response:true}": {
            "avg": 284.38013881579053,
            "min": 15.3752,
            "med": 131.69705,
            "max": 1499.4256,
            "p(90)": 833.3288,
            "p(95)": 1051.4748
        },
        "data_sent": {
            "rate": 13485.53852212743,
            "count": 1620422
        },
        "iterations": {
            "count": 14896,
            "rate": 123.96806623559185
        }
    }
}