{
    "root_group": {
        "id": "d41d8cd98f00b204e9800998ecf8427e",
        "groups": {},
        "checks": {
                "status is 200": {
                    "name": "status is 200",
                    "path": "::status is 200",
                    "id": "6210a8cd14cd70477eba5c5e4cb3fb5f",
                    "passes": 14160,
                    "fails": 0
                },
                "has average value": {
                    "name": "has average value",
                    "path": "::has average value",
                    "id": "8ba54a67e0b24adcf0142c2191fca9e4",
                    "passes": 0,
                    "fails": 14160
                }
            },
        "name": "",
        "path": ""
    },
    "metrics": {
        "http_req_sending": {
            "avg": 0.00548245056497175,
            "min": 0,
            "med": 0,
            "max": 6.6155,
            "p(90)": 0,
            "p(95)": 0
        },
        "iterations": {
            "count": 14160,
            "rate": 117.81194229440608
        },
        "http_req_failed": {
            "fails": 14160,
            "passes": 0,
            "thresholds": {
                "rate<0.01": false
            },
            "value": 0
        },
        "http_reqs": {
            "count": 14160,
            "rate": 117.81194229440608
        },
        "data_sent": {
            "count": 1540291,
            "rate": 12815.301865013633
        },
        "checks": {
            "fails": 14160,
            "passes": 14160,
            "value": 0.5
        },
        "vus": {
            "value": 1,
            "min": 1,
            "max": 80
        },
        "data_received": {
            "rate": 16782.252939471193,
            "count": 2017085
        },
        "http_req_connecting": {
            "med": 0,
            "max": 1.119,
            "p(90)": 0,
            "p(95)": 0,
            "avg": 0.003111405367231638,
            "min": 0
        },
        "http_req_waiting": {
            "avg": 296.95371347457734,
            "min": 14.9685,
            "med": 117.64680000000001,
            "max": 1596.0393,
            "p(90)": 911.49647,
            "p(95)": 1157.4701099999995
        },
        "http_req_receiving": {
            "p(95)": 61.7572,
            "avg": 12.526381165254186,
            "min": 0,
            "med": 1.1908500000000002,
            "max": 501.8606,
            "p(90)": 16.979930000000017
        },
        "http_req_duration{expected_response:true}": {
            "avg": 309.4855770903953,
            "min": 15.3321,
            "med": 119.48615000000001,
            "max": 1601.2752,
            "p(90)": 925.21712,
            "p(95)": 1166.63046
        },
        "iteration_duration": {
            "med": 320.68835,
            "max": 1801.4767,
            "p(90)": 1126.18487,
            "p(95)": 1367.34139,
            "avg": 510.41780596045146,
            "min": 215.5405
        },
        "http_req_duration": {
            "min": 15.3321,
            "med": 119.48615000000001,
            "max": 1601.2752,
            "p(90)": 925.21712,
            "p(95)": 1166.63046,
            "avg": 309.4855770903953,
            "thresholds": {
                "p(95)<300": true
            }
        },
        "http_req_blocked": {
            "p(95)": 0,
            "avg": 0.005702259887005651,
            "min": 0,
            "med": 0,
            "max": 5.9628,
            "p(90)": 0
        },
        "http_req_tls_handshaking": {
            "avg": 0,
            "min": 0,
            "med": 0,
            "max": 0,
            "p(90)": 0,
            "p(95)": 0
        },
        "vus_max": {
            "value": 80,
            "min": 80,
            "max": 80
        }
    }
}