{
    "root_group": {
        "groups": {},
        "checks": {
                "status is 201": {
                    "name": "status is 201",
                    "path": "::status is 201",
                    "id": "ec8c9afd59577ad0eb26fbf150ecf791",
                    "passes": 17597,
                    "fails": 0
                }
            },
        "name": "",
        "path": "",
        "id": "d41d8cd98f00b204e9800998ecf8427e"
    },
    "metrics": {
        "data_received": {
            "count": 4185825,
            "rate": 34855.566163891024
        },
        "http_req_sending": {
            "max": 6.5207,
            "p(90)": 0,
            "p(95)": 0,
            "avg": 0.004457112007728589,
            "min": 0,
            "med": 0
        },
        "vus_max": {
            "value": 100,
            "min": 100,
            "max": 100
        },
        "http_req_failed": {
            "passes": 0,
            "fails": 17597,
            "thresholds": {
                "rate<0.01": false
            },
            "value": 0
        },
        "checks": {
            "passes": 17597,
            "fails": 0,
            "value": 1
        },
        "data_sent": {
            "count": 3862234,
            "rate": 32161.008338243828
        },
        "vus": {
            "max": 100,
            "value": 1,
            "min": 1
        },
        "http_req_waiting": {
            "med": 178.5492,
            "max": 1578.2831,
            "p(90)": 1151.00804,
            "p(95)": 1353.3889600000002,
            "avg": 393.4190801500244,
            "min": 4.5328
        },
        "http_req_duration": {
            "avg": 412.8972614479762,
            "min": 5.5926,
            "med": 186.4948,
            "max": 1581.2138,
            "p(90)": 1199.4074,
            "p(95)": 1361.2457,
            "thresholds": {
                "p(95)<200": true
            }
        },
        "iterations": {
            "count": 17597,
            "rate": 146.5310656288761
        },
        "http_req_connecting": {
            "med": 0,
            "max": 1.0611,
            "p(90)": 0,
            "p(95)": 0,
            "avg": 0.002491720179576064,
            "min": 0
        },
        "iteration_duration": {
            "max": 1681.4033,
            "p(90)": 1299.755,
            "p(95)": 1461.5657,
            "avg": 513.3400631414439,
            "min": 106.1073,
            "med": 286.8397
        },
        "http_req_blocked": {
            "avg": 0.0042063817696198205,
            "min": 0,
            "med": 0,
            "max": 7.0922,
            "p(90)": 0,
            "p(95)": 0
        },
        "http_req_tls_handshaking": {
            "med": 0,
            "max": 0,
            "p(90)": 0,
            "p(95)": 0,
            "avg": 0,
            "min": 0
        },
        "http_reqs": {
            "count": 17597,
            "rate": 146.5310656288761
        },
        "http_req_receiving": {
            "p(90)": 18.1809,
            "p(95)": 86.42736000000038,
            "avg": 19.473724185940974,
            "min": 0,
            "med": 5.4292,
            "max": 696.3515
        },
        "http_req_duration{expected_response:true}": {
            "p(95)": 1361.2457,
            "avg": 412.8972614479762,
            "min": 5.5926,
            "med": 186.4948,
            "max": 1581.2138,
            "p(90)": 1199.4074
        }
    }
}