{
    "root_group": {
        "name": "",
        "path": "",
        "id": "d41d8cd98f00b204e9800998ecf8427e",
        "groups": {},
        "checks": {
                "status is 201": {
                    "passes": 209707,
                    "fails": 0,
                    "name": "status is 201",
                    "path": "::status is 201",
                    "id": "ec8c9afd59577ad0eb26fbf150ecf791"
                }
            }
    },
    "metrics": {
        "vus_max": {
            "value": 1000,
            "min": 1000,
            "max": 1000
        },
        "http_req_receiving": {
            "p(90)": 0.5108,
            "p(95)": 0.5682,
            "avg": 0.08695596379710688,
            "min": 0,
            "med": 0,
            "max": 5.6292
        },
        "http_req_connecting": {
            "avg": 0.002500508805142411,
            "min": 0,
            "med": 0,
            "max": 1.8647,
            "p(90)": 0,
            "p(95)": 0
        },
        "http_reqs": {
            "count": 209707,
            "rate": 873.6947568319722
        },
        "http_req_waiting": {
            "p(95)": 957.2595499999998,
            "avg": 408.5354738120414,
            "min": 0.6624,
            "med": 375.5346,
            "max": 1332.9074,
            "p(90)": 859.45534
        },
        "http_req_blocked": {
            "p(90)": 0,
            "p(95)": 0,
            "avg": 0.002670861726122637,
            "min": 0,
            "med": 0,
            "max": 1.8647
        },
        "checks": {
            "passes": 209707,
            "fails": 0,
            "value": 1
        },
        "http_req_sending": {
            "p(90)": 0,
            "p(95)": 0,
            "avg": 0.0007180690201090094,
            "min": 0,
            "med": 0,
            "max": 9.5155
        },
        "iteration_duration": {
            "avg": 458.9998446809008,
            "min": 50.8788,
            "med": 425.9652,
            "max": 1383.3441,
            "p(90)": 909.8471999999999,
            "p(95)": 1007.79194
        },
        "http_req_failed": {
            "passes": 0,
            "fails": 209707,
            "value": 0
        },
        "data_received": {
            "count": 96310330,
            "rate": 401254.2754879761
        },
        "http_req_duration{expected_response:true}": {
            "avg": 408.6231478448573,
            "min": 0.6624,
            "med": 375.6252,
            "max": 1332.9074,
            "p(90)": 859.52712,
            "p(95)": 957.3627599999991
        },
        "vus": {
            "min": 2,
            "max": 999,
            "value": 2
        },
        "http_req_duration": {
            "p(95)": 957.3627599999991,
            "avg": 408.6231478448573,
            "min": 0.6624,
            "med": 375.6252,
            "max": 1332.9074,
            "p(90)": 859.52712
        },
        "data_sent": {
            "count": 46026095,
            "rate": 191756.86972275723
        },
        "http_req_tls_handshaking": {
            "max": 0,
            "p(90)": 0,
            "p(95)": 0,
            "avg": 0,
            "min": 0,
            "med": 0
        },
        "iterations": {
            "count": 209707,
            "rate": 873.6947568319722
        }
    }
}