{
    "root_group": {
        "name": "",
        "path": "",
        "id": "d41d8cd98f00b204e9800998ecf8427e",
        "groups": {},
        "checks": {
                "status is 201": {
                    "fails": 0,
                    "name": "status is 201",
                    "path": "::status is 201",
                    "id": "ec8c9afd59577ad0eb26fbf150ecf791",
                    "passes": 215902
                }
            }
    },
    "metrics": {
        "http_req_failed": {
            "passes": 0,
            "fails": 215902,
            "value": 0
        },
        "http_req_duration": {
            "min": 0.6449,
            "med": 362.74985000000004,
            "max": 1614.2923,
            "p(90)": 832.81696,
            "p(95)": 896.7193749999999,
            "avg": 395.3452868857197
        },
        "http_req_duration{expected_response:true}": {
            "avg": 395.3452868857197,
            "min": 0.6449,
            "med": 362.74985000000004,
            "max": 1614.2923,
            "p(90)": 832.81696,
            "p(95)": 896.7193749999999
        },
        "http_req_connecting": {
            "p(90)": 0,
            "p(95)": 0,
            "avg": 0.0024850024548174663,
            "min": 0,
            "med": 0,
            "max": 15.2831
        },
        "http_req_tls_handshaking": {
            "min": 0,
            "med": 0,
            "max": 0,
            "p(90)": 0,
            "p(95)": 0,
            "avg": 0
        },
        "http_req_receiving": {
            "min": 0,
            "med": 0,
            "max": 3.6982,
            "p(90)": 0.5087,
            "p(95)": 0.5577,
            "avg": 0.08392701873998293
        },
        "checks": {
            "passes": 215902,
            "fails": 0,
            "value": 1
        },
        "http_req_blocked": {
            "avg": 0.0026234240535057594,
            "min": 0,
            "med": 0,
            "max": 15.8189,
            "p(90)": 0,
            "p(95)": 0
        },
        "iteration_duration": {
            "avg": 445.7173795249665,
            "min": 51.2019,
            "med": 413.139,
            "max": 1664.352,
            "p(90)": 883.20412,
            "p(95)": 947.0837899999999
        },
        "http_reqs": {
            "count": 215902,
            "rate": 899.4957856629737
        },
        "data_sent": {
            "count": 47386402,
            "rate": 197422.2976013724
        },
        "data_received": {
            "rate": 413107.5859744627,
            "count": 99156389
        },
        "http_req_waiting": {
            "p(90)": 832.7693599999999,
            "p(95)": 896.6283399999999,
            "avg": 395.2607502274211,
            "min": 0.6449,
            "med": 362.6829,
            "max": 1614.2923
        },
        "iterations": {
            "count": 215902,
            "rate": 899.4957856629737
        },
        "vus_max": {
            "max": 1000,
            "value": 1000,
            "min": 1000
        },
        "http_req_sending": {
            "min": 0,
            "med": 0,
            "max": 6.5373,
            "p(90)": 0,
            "p(95)": 0,
            "avg": 0.0006096395586886642
        },
        "vus": {
            "value": 2,
            "min": 2,
            "max": 999
        }
    }
}