{
    "root_group": {
        "id": "d41d8cd98f00b204e9800998ecf8427e",
        "groups": {},
        "checks": {
                "status is 200": {
                    "name": "status is 200",
                    "path": "::status is 200",
                    "id": "6210a8cd14cd70477eba5c5e4cb3fb5f",
                    "passes": 8575,
                    "fails": 0
                },
                "has average value": {
                    "name": "has average value",
                    "path": "::has average value",
                    "id": "8ba54a67e0b24adcf0142c2191fca9e4",
                    "passes": 8575,
                    "fails": 0
                }
            },
        "name": "",
        "path": ""
    },
    "metrics": {
        "vus": {
            "min": 1,
            "max": 80,
            "value": 1
        },
        "http_req_sending": {
            "p(95)": 0,
            "avg": 0.004077189504373178,
            "min": 0,
            "med": 0,
            "max": 5.5736,
            "p(90)": 0
        },
        "data_received": {
            "count": 2473190,
            "rate": 20592.886949785065
        },
        "http_req_failed": {
            "fails": 8575,
            "passes": 0,
            "thresholds": {
                "rate<0.01": false
            },
            "value": 0
        },
        "http_req_blocked": {
            "p(95)": 0,
            "avg": 0.010038437317784258,
            "min": 0,
            "med": 0,
            "max": 7.302,
            "p(90)": 0
        },
        "http_req_connecting": {
            "p(90)": 0,
            "p(95)": 0,
            "avg": 0.007016023323615162,
            "min": 0,
            "med": 0,
            "max": 5.1841
        },
        "checks": {
            "passes": 17150,
            "fails": 0,
            "value": 1
        },
        "http_reqs": {
            "rate": 71.39928820446748,
            "count": 8575
        },
        "data_sent": {
            "count": 932867,
            "rate": 7767.468197018888
        },
        "http_req_duration": {
            "med": 798.9247,
            "max": 1116.6426,
            "p(90)": 912.55766,
            "p(95)": 944.46032,
            "avg": 643.6796243731804,
            "min": 28.6533,
            "thresholds": {
                "p(95)<300": true
            }
        },
        "http_req_receiving": {
            "avg": 0.21523421574344054,
            "min": 0,
            "med": 0,
            "max": 5.7538,
            "p(90)": 0.7728000000000002,
            "p(95)": 0.9680599999999998
        },
        "iteration_duration": {
            "avg": 844.2918094460657,
            "min": 229.7696,
            "med": 999.478,
            "max": 1317.1794,
            "p(90)": 1113.30326,
            "p(95)": 1144.8614
        },
        "http_req_duration{expected_response:true}": {
            "min": 28.6533,
            "med": 798.9247,
            "max": 1116.6426,
            "p(90)": 912.55766,
            "p(95)": 944.46032,
            "avg": 643.6796243731804
        },
        "http_req_tls_handshaking": {
            "med": 0,
            "max": 0,
            "p(90)": 0,
            "p(95)": 0,
            "avg": 0,
            "min": 0
        },
        "iterations": {
            "count": 8575,
            "rate": 71.39928820446748
        },
        "vus_max": {
            "value": 80,
            "min": 80,
            "max": 80
        },
        "http_req_waiting": {
            "p(95)": 943.8503199999998,
            "avg": 643.4603129679318,
            "min": 28.4855,
            "med": 798.6221,
            "max": 1116.6426,
            "p(90)": 912.30424
        }
    }
}