{
    "root_group": {
        "name": "",
        "path": "",
        "id": "d41d8cd98f00b204e9800998ecf8427e",
        "groups": {},
        "checks": {
                "status is 201": {
                    "id": "ec8c9afd59577ad0eb26fbf150ecf791",
                    "passes": 48085,
                    "fails": 0,
                    "name": "status is 201",
                    "path": "::status is 201"
                }
            }
    },
    "metrics": {
        "checks": {
            "passes": 48085,
            "fails": 0,
            "value": 1
        },
        "data_received": {
            "count": 22083508,
            "rate": 367543.20723187627
        },
        "http_req_duration": {
            "avg": 1161.8306081917437,
            "min": 0.5226,
            "med": 1366.4007,
            "max": 1874.4831,
            "p(90)": 1502.5467800000001,
            "p(95)": 1572.8300999999994
        },
        "http_req_connecting": {
            "med": 0,
            "max": 3.3463,
            "p(90)": 0,
            "p(95)": 0,
            "avg": 0.016948792762815836,
            "min": 0
        },
        "http_req_receiving": {
            "p(90)": 0.5119,
            "p(95)": 0.5540799999999996,
            "avg": 0.08622422377040671,
            "min": 0,
            "med": 0,
            "max": 2.3376
        },
        "http_req_failed": {
            "passes": 0,
            "fails": 48085,
            "value": 0
        },
        "iteration_duration": {
            "p(95)": 1672.91346,
            "avg": 1262.2406560153734,
            "min": 101.6818,
            "med": 1466.895,
            "max": 1974.6102,
            "p(90)": 1603.00496
        },
        "http_req_duration{expected_response:true}": {
            "avg": 1161.8306081917437,
            "min": 0.5226,
            "med": 1366.4007,
            "max": 1874.4831,
            "p(90)": 1502.5467800000001,
            "p(95)": 1572.8300999999994
        },
        "http_req_tls_handshaking": {
            "max": 0,
            "p(90)": 0,
            "p(95)": 0,
            "avg": 0,
            "min": 0,
            "med": 0
        },
        "vus": {
            "value": 25,
            "min": 1,
            "max": 1500
        },
        "vus_max": {
            "min": 1500,
            "max": 1500,
            "value": 1500
        },
        "iterations": {
            "count": 48085,
            "rate": 800.294732147844
        },
        "http_req_sending": {
            "p(95)": 0,
            "avg": 0.0017467796610169482,
            "min": 0,
            "med": 0,
            "max": 3.0066,
            "p(90)": 0
        },
        "http_req_blocked": {
            "p(95)": 0,
            "avg": 0.017789354268482886,
            "min": 0,
            "med": 0,
            "max": 3.3463,
            "p(90)": 0
        },
        "data_sent": {
            "count": 10553643,
            "rate": 175647.8090437552
        },
        "http_reqs": {
            "count": 48085,
            "rate": 800.294732147844
        },
        "http_req_waiting": {
            "med": 1366.3332,
            "max": 1874.4831,
            "p(90)": 1502.46876,
            "p(95)": 1572.5591799999997,
            "avg": 1161.7426371883153,
            "min": 0.5226
        }
    }
}