{
    "metrics": {
        "data_received": {
            "count": 22450956,
            "rate": 373665.90412941744
        },
        "iterations": {
            "count": 48806,
            "rate": 812.3100912469095
        },
        "checks": {
            "passes": 48806,
            "fails": 0,
            "value": 1
        },
        "http_req_tls_handshaking": {
            "avg": 0,
            "min": 0,
            "med": 0,
            "max": 0,
            "p(90)": 0,
            "p(95)": 0
        },
        "vus": {
            "value": 21,
            "min": 1,
            "max": 1500
        },
        "http_req_sending": {
            "p(95)": 0,
            "avg": 0.0014432836126705736,
            "min": 0,
            "med": 0,
            "max": 1.0329,
            "p(90)": 0
        },
        "http_req_duration{expected_response:true}": {
            "avg": 1143.3473797094491,
            "min": 1.2622,
            "med": 1350.8425499999998,
            "max": 1758.4055,
            "p(90)": 1504.53225,
            "p(95)": 1538.934175
        },
        "http_req_failed": {
            "passes": 0,
            "fails": 48806,
            "value": 0
        },
        "http_req_blocked": {
            "p(90)": 0,
            "p(95)": 0,
            "avg": 0.017132362824242936,
            "min": 0,
            "med": 0,
            "max": 1.6798
        },
        "http_reqs": {
            "count": 48806,
            "rate": 812.3100912469095
        },
        "http_req_connecting": {
            "min": 0,
            "med": 0,
            "max": 1.6798,
            "p(90)": 0,
            "p(95)": 0,
            "avg": 0.016448526820472927
        },
        "http_req_waiting": {
            "med": 1350.7689,
            "max": 1758.4055,
            "p(90)": 1504.49035,
            "p(95)": 1538.9021500000001,
            "avg": 1143.2614902880687,
            "min": 1.2622
        },
        "data_sent": {
            "count": 10711981,
            "rate": 178286.48657019957
        },
        "iteration_duration": {
            "p(95)": 1639.39265,
            "avg": 1243.756792775464,
            "min": 101.5875,
            "med": 1451.26765,
            "max": 1859.4662,
            "p(90)": 1604.9185499999999
        },
        "http_req_duration": {
            "p(90)": 1504.53225,
            "p(95)": 1538.934175,
            "avg": 1143.3473797094491,
            "min": 1.2622,
            "med": 1350.8425499999998,
            "max": 1758.4055
        },
        "http_req_receiving": {
            "avg": 0.08444613776994651,
            "min": 0,
            "med": 0,
            "max": 2.4924,
            "p(90)": 0.5119,
            "p(95)": 0.5523
        },
        "vus_max": {
            "value": 1500,
            "min": 1500,
            "max": 1500
        }
    },
    "root_group": {
        "checks": {
            "status is 201": {
                "name": "status is 201",
                "path": "::status is 201",
                "id": "ec8c9afd59577ad0eb26fbf150ecf791",
                "passes": 48806,
                "fails": 0
            }
        },
        "name": "",
        "path": "",
        "id": "d41d8cd98f00b204e9800998ecf8427e",
        "groups": {}
    }
}