{
    "root_group": {
        "name": "",
        "path": "",
        "id": "d41d8cd98f00b204e9800998ecf8427e",
        "groups": {},
        "checks": {
                "status is 200": {
                    "fails": 0,
                    "name": "status is 200",
                    "path": "::status is 200",
                    "id": "6210a8cd14cd70477eba5c5e4cb3fb5f",
                    "passes": 3478
                },
                "data is not empty": {
                    "name": "data is not empty",
                    "path": "::data is not empty",
                    "id": "25082ee8952e05b054833c54c74612fd",
                    "passes": 3478,
                    "fails": 0
                }
            }
    },
    "metrics": {
        "checks": {
            "passes": 6956,
            "fails": 0,
            "value": 1
        },
        "http_req_receiving": {
            "max": 26.5475,
            "p(90)": 1.00173,
            "p(95)": 1.3203849999999993,
            "avg": 0.6096413743530761,
            "min": 0,
            "med": 0.51955
        },
        "data_received": {
            "count": 1595434920,
            "rate": 13292537.14077209
        },
        "http_req_connecting": {
            "avg": 0.01707234042553192,
            "min": 0,
            "med": 0,
            "max": 1.5665,
            "p(90)": 0,
            "p(95)": 0
        },
        "http_req_tls_handshaking": {
            "med": 0,
            "max": 0,
            "p(90)": 0,
            "p(95)": 0,
            "avg": 0,
            "min": 0
        },
        "iterations": {
            "count": 3478,
            "rate": 28.977330003285452
        },
        "vus": {
            "min": 1,
            "max": 100,
            "value": 1
        },
        "iteration_duration": {
            "med": 3263.9928,
            "max": 6134.2132,
            "p(90)": 3455.79062,
            "p(95)": 3489.1149299999997,
            "avg": 2619.88555485912,
            "min": 152.2398
        },
        "http_req_sending": {
            "min": 0,
            "med": 0,
            "max": 1.0098,
            "p(90)": 0,
            "p(95)": 0,
            "avg": 0.004450920069005175
        },
        "http_req_failed": {
            "passes": 0,
            "fails": 3478,
            "thresholds": {
                "rate<0.01": false
            },
            "value": 0
        },
        "data_sent": {
            "count": 350543,
            "rate": 2920.586599005662
        },
        "http_req_waiting": {
            "p(90)": 3347.68946,
            "p(95)": 3380.70839,
            "avg": 2512.143395054627,
            "min": 46.767,
            "med": 3156.8927999999996,
            "max": 6027.7823
        },
        "http_req_duration{expected_response:true}": {
            "min": 47.1207,
            "med": 3156.8927999999996,
            "max": 6028.5418,
            "p(90)": 3348.29936,
            "p(95)": 3382.180235,
            "avg": 2512.7574873490553
        },
        "http_req_blocked": {
            "avg": 0.02147866589994249,
            "min": 0,
            "med": 0,
            "max": 7.3627,
            "p(90)": 0,
            "p(95)": 0
        },
        "vus_max": {
            "value": 100,
            "min": 100,
            "max": 100
        },
        "http_reqs": {
            "rate": 28.977330003285452,
            "count": 3478
        },
        "http_req_duration": {
            "avg": 2512.7574873490553,
            "min": 47.1207,
            "med": 3156.8927999999996,
            "max": 6028.5418,
            "p(90)": 3348.29936,
            "p(95)": 3382.180235,
            "thresholds": {
                "p(95)<150": true
            }
        }
    }
}