{
    "root_group": {
        "name": "",
        "path": "",
        "id": "d41d8cd98f00b204e9800998ecf8427e",
        "groups": {},
        "checks": {
                "status is 200": {
                    "name": "status is 200",
                    "path": "::status is 200",
                    "id": "6210a8cd14cd70477eba5c5e4cb3fb5f",
                    "passes": 3959,
                    "fails": 0
                },
                "data is not empty": {
                    "name": "data is not empty",
                    "path": "::data is not empty",
                    "id": "25082ee8952e05b054833c54c74612fd",
                    "passes": 3959,
                    "fails": 0
                }
            }
    },
    "metrics": {
        "http_req_tls_handshaking": {
            "avg": 0,
            "min": 0,
            "med": 0,
            "max": 0,
            "p(90)": 0,
            "p(95)": 0
        },
        "vus": {
            "min": 1,
            "max": 100,
            "value": 1
        },
        "data_sent": {
            "count": 399014,
            "rate": 3322.1409087797406
        },
        "data_received": {
            "count": 2574018377,
            "rate": 21430956.683681607
        },
        "http_req_duration{expected_response:true}": {
            "avg": 2179.1296440767833,
            "min": 73.5104,
            "med": 2733.3752,
            "max": 5657.6888,
            "p(90)": 2977.4909000000002,
            "p(95)": 3032.60174
        },
        "http_req_blocked": {
            "med": 0,
            "max": 6.8091,
            "p(90)": 0,
            "p(95)": 0,
            "avg": 0.03201437231624149,
            "min": 0
        },
        "http_req_connecting": {
            "avg": 0.02329732255620107,
            "min": 0,
            "med": 0,
            "max": 6.8091,
            "p(90)": 0,
            "p(95)": 0
        },
        "http_req_waiting": {
            "max": 5626.823,
            "p(90)": 2944.73716,
            "p(95)": 3000.64714,
            "avg": 2148.3957150795686,
            "min": 61.1914,
            "med": 2703.3241
        },
        "http_req_duration": {
            "avg": 2179.1296440767833,
            "min": 73.5104,
            "med": 2733.3752,
            "max": 5657.6888,
            "p(90)": 2977.4909000000002,
            "p(95)": 3032.60174,
            "thresholds": {
                "p(95)<150": true
            }
        },
        "http_reqs": {
            "count": 3959,
            "rate": 32.9621413230087
        },
        "iterations": {
            "rate": 32.9621413230087,
            "count": 3959
        },
        "vus_max": {
            "value": 100,
            "min": 100,
            "max": 100
        },
        "http_req_sending": {
            "max": 9.7752,
            "p(90)": 0,
            "p(95)": 0,
            "avg": 0.025265824703207866,
            "min": 0,
            "med": 0
        },
        "checks": {
            "passes": 7918,
            "fails": 0,
            "value": 1
        },
        "http_req_failed": {
            "passes": 0,
            "fails": 3959,
            "thresholds": {
                "rate<0.01": false
            },
            "value": 0
        },
        "http_req_receiving": {
            "med": 29.9578,
            "max": 75.4473,
            "p(90)": 35.99136000000001,
            "p(95)": 38.82203,
            "avg": 30.708663172518307,
            "min": 11.9213
        },
        "iteration_duration": {
            "p(95)": 3154.02,
            "avg": 2299.96090762819,
            "min": 180.037,
            "med": 2852.8489,
            "max": 5789.0174,
            "p(90)": 3096.80024
        }
    }
}