{
    "root_group": {
        "path": "",
        "id": "d41d8cd98f00b204e9800998ecf8427e",
        "groups": {},
        "checks": {
                "status is 201": {
                    "fails": 0,
                    "name": "status is 201",
                    "path": "::status is 201",
                    "id": "ec8c9afd59577ad0eb26fbf150ecf791",
                    "passes": 342832
                }
            },
        "name": ""
    },
    "metrics": {
        "vus": {
            "value": 2,
            "min": 2,
            "max": 999
        },
        "http_reqs": {
            "rate": 1428.2651438108694,
            "count": 342832
        },
        "http_req_duration{expected_response:true}": {
            "p(90)": 495.49626,
            "p(95)": 560.3664650000002,
            "avg": 229.9360422793025,
            "min": 2.0941,
            "med": 202.49165,
            "max": 1674.8287
        },
        "iterations": {
            "count": 342832,
            "rate": 1428.2651438108694
        },
        "http_req_connecting": {
            "avg": 0.009042163508657322,
            "min": 0,
            "med": 0,
            "max": 13.4517,
            "p(90)": 0,
            "p(95)": 0
        },
        "data_sent": {
            "count": 75244544,
            "rate": 313474.703228238
        },
        "http_req_sending": {
            "p(90)": 0,
            "p(95)": 0,
            "avg": 0.009142581497643153,
            "min": 0,
            "med": 0,
            "max": 4.8484
        },
        "iteration_duration": {
            "min": 52.7248,
            "med": 253.05505,
            "max": 1725.2497,
            "p(90)": 546.0615,
            "p(95)": 610.8586600000001,
            "avg": 280.4651390056954
        },
        "vus_max": {
            "value": 1000,
            "min": 1000,
            "max": 1000
        },
        "http_req_blocked": {
            "avg": 0.012047826632286394,
            "min": 0,
            "med": 0,
            "max": 14.0163,
            "p(90)": 0,
            "p(95)": 0
        },
        "http_req_waiting": {
            "avg": 229.7902085767868,
            "min": 2.0941,
            "med": 202.3777,
            "max": 1674.8287,
            "p(90)": 495.32047000000017,
            "p(95)": 560.2430850000001
        },
        "http_req_receiving": {
            "avg": 0.13669112101553954,
            "min": 0,
            "med": 0,
            "max": 16.4097,
            "p(90)": 0.5292,
            "p(95)": 0.5767
        },
        "http_req_failed": {
            "passes": 0,
            "fails": 342832,
            "value": 0
        },
        "data_received": {
            "count": 105364847,
            "rate": 438958.26046887465
        },
        "http_req_tls_handshaking": {
            "avg": 0,
            "min": 0,
            "med": 0,
            "max": 0,
            "p(90)": 0,
            "p(95)": 0
        },
        "checks": {
            "fails": 0,
            "passes": 342832,
            "value": 1
        },
        "http_req_duration": {
            "p(90)": 495.49626,
            "p(95)": 560.3664650000002,
            "avg": 229.9360422793025,
            "min": 2.0941,
            "med": 202.49165,
            "max": 1674.8287
        }
    }
}