{
    "root_group": {
        "name": "",
        "path": "",
        "id": "d41d8cd98f00b204e9800998ecf8427e",
        "groups": {},
        "checks": {
                "status is 201": {
                    "passes": 81203,
                    "fails": 0,
                    "name": "status is 201",
                    "path": "::status is 201",
                    "id": "ec8c9afd59577ad0eb26fbf150ecf791"
                }
            }
    },
    "metrics": {
        "http_req_blocked": {
            "avg": 0.0206296602342278,
            "min": 0,
            "med": 0,
            "max": 8.6547,
            "p(90)": 0,
            "p(95)": 0
        },
        "http_req_receiving": {
            "p(90)": 0.5305,
            "p(95)": 0.6101899999999993,
            "avg": 0.12801466325135724,
            "min": 0,
            "med": 0,
            "max": 15.3344
        },
        "http_req_sending": {
            "p(90)": 0,
            "p(95)": 0,
            "avg": 0.011573608117926687,
            "min": 0,
            "med": 0,
            "max": 2.157
        },
        "http_req_duration{expected_response:true}": {
            "avg": 643.8452004753495,
            "min": 2.8978,
            "med": 716.3972,
            "max": 2265.1939,
            "p(90)": 912.78128,
            "p(95)": 1033.561329999999
        },
        "data_sent": {
            "count": 17822654,
            "rate": 296626.43450595427
        },
        "iteration_duration": {
            "max": 2365.8905,
            "p(90)": 1013.9845000000001,
            "p(95)": 1133.9921499999994,
            "avg": 744.4649384517915,
            "min": 103.1903,
            "med": 816.9206
        },
        "checks": {
            "passes": 81203,
            "fails": 0,
            "value": 1
        },
        "http_req_waiting": {
            "avg": 643.7056122039841,
            "min": 2.8978,
            "med": 716.2831,
            "max": 2264.6605,
            "p(90)": 912.6981400000003,
            "p(95)": 1033.2243999999998
        },
        "iterations": {
            "count": 81203,
            "rate": 1351.4797718222553
        },
        "http_req_duration": {
            "min": 2.8978,
            "med": 716.3972,
            "max": 2265.1939,
            "p(90)": 912.78128,
            "p(95)": 1033.561329999999,
            "avg": 643.8452004753495
        },
        "http_req_failed": {
            "passes": 0,
            "fails": 81203,
            "value": 0
        },
        "vus": {
            "value": 18,
            "min": 1,
            "max": 1500
        },
        "http_req_connecting": {
            "med": 0,
            "max": 8.6547,
            "p(90)": 0,
            "p(95)": 0,
            "avg": 0.016079818479612817,
            "min": 0
        },
        "data_received": {
            "count": 25024681,
            "rate": 416491.38785272377
        },
        "vus_max": {
            "value": 1500,
            "min": 1500,
            "max": 1500
        },
        "http_reqs": {
            "rate": 1351.4797718222553,
            "count": 81203
        },
        "http_req_tls_handshaking": {
            "p(90)": 0,
            "p(95)": 0,
            "avg": 0,
            "min": 0,
            "med": 0,
            "max": 0
        }
    }
}